-- --------------------------------------------------------
-- Servidor:                     127.0.0.1
-- Versão do servidor:           5.6.27-log - MySQL Community Server (GPL)
-- OS do Servidor:               Win64
-- HeidiSQL Versão:              9.3.0.4984
-- --------------------------------------------------------

/*!40101 SET @OLD_CHARACTER_SET_CLIENT=@@CHARACTER_SET_CLIENT */;
/*!40101 SET NAMES utf8mb4 */;
/*!40014 SET @OLD_FOREIGN_KEY_CHECKS=@@FOREIGN_KEY_CHECKS, FOREIGN_KEY_CHECKS=0 */;
/*!40101 SET @OLD_SQL_MODE=@@SQL_MODE, SQL_MODE='NO_AUTO_VALUE_ON_ZERO' */;

-- Copiando estrutura do banco de dados para softwareluizvictorio
CREATE DATABASE IF NOT EXISTS `softwareluizvictorio` /*!40100 DEFAULT CHARACTER SET latin1 */;
USE `softwareluizvictorio`;


-- Copiando estrutura para tabela softwareluizvictorio.alternativa
CREATE TABLE IF NOT EXISTS `alternativa` (
  `idAlternativa` int(11) NOT NULL AUTO_INCREMENT,
  `descricao` varchar(45) NOT NULL,
  `correta` varchar(45) DEFAULT NULL,
  `idPergunta` int(11) DEFAULT NULL,
  PRIMARY KEY (`idAlternativa`),
  KEY `idPergunta` (`idPergunta`),
  CONSTRAINT `idPergunta` FOREIGN KEY (`idPergunta`) REFERENCES `pergunta` (`idPergunta`)
) ENGINE=InnoDB AUTO_INCREMENT=4 DEFAULT CHARSET=latin1;

-- Copiando dados para a tabela softwareluizvictorio.alternativa: ~3 rows (aproximadamente)
DELETE FROM `alternativa`;
/*!40000 ALTER TABLE `alternativa` DISABLE KEYS */;
INSERT INTO `alternativa` (`idAlternativa`, `descricao`, `correta`, `idPergunta`) VALUES
	(1, '2', 'CORRETA', 1),
	(2, '3', 'ERRADA', 1),
	(3, '5', 'ERRADA', 1);
/*!40000 ALTER TABLE `alternativa` ENABLE KEYS */;


-- Copiando estrutura para tabela softwareluizvictorio.categoria
CREATE TABLE IF NOT EXISTS `categoria` (
  `idCategoria` int(11) NOT NULL AUTO_INCREMENT,
  `descricao` varchar(45) NOT NULL,
  PRIMARY KEY (`idCategoria`)
) ENGINE=InnoDB AUTO_INCREMENT=7 DEFAULT CHARSET=latin1;

-- Copiando dados para a tabela softwareluizvictorio.categoria: ~6 rows (aproximadamente)
DELETE FROM `categoria`;
/*!40000 ALTER TABLE `categoria` DISABLE KEYS */;
INSERT INTO `categoria` (`idCategoria`, `descricao`) VALUES
	(1, 'Mat'),
	(2, 'Matematica'),
	(3, 'Portugues'),
	(4, 'História'),
	(5, 'Geografia'),
	(6, 'Ciências');
/*!40000 ALTER TABLE `categoria` ENABLE KEYS */;


-- Copiando estrutura para tabela softwareluizvictorio.dica
CREATE TABLE IF NOT EXISTS `dica` (
  `idDica` int(11) NOT NULL AUTO_INCREMENT,
  `texto` varchar(45) DEFAULT NULL,
  `som` longblob,
  `imagem` longblob,
  `idPalavra` int(11) NOT NULL,
  `tipo` varchar(45) DEFAULT NULL,
  `nomeDica` varchar(45) DEFAULT NULL,
  PRIMARY KEY (`idDica`),
  KEY `fk_Dica_Palavra1_idx` (`idPalavra`),
  CONSTRAINT `fk_Dica_Palavra1` FOREIGN KEY (`idPalavra`) REFERENCES `palavra` (`idPalavra`)
) ENGINE=InnoDB AUTO_INCREMENT=82 DEFAULT CHARSET=latin1;

-- Copiando dados para a tabela softwareluizvictorio.dica: ~4 rows (aproximadamente)
DELETE FROM `dica`;
/*!40000 ALTER TABLE `dica` DISABLE KEYS */;
INSERT INTO `dica` (`idDica`, `texto`, `som`, `imagem`, `idPalavra`, `tipo`, `nomeDica`) VALUES
	(78, 'Mamifero', NULL, NULL, 4, 'Texto', 'Mamifero'),
	(79, 'Quadrupede', NULL, NULL, 4, 'Texto', 'Quadrupede'),
	(80, 'Pescoço grande', NULL, NULL, 5, 'Texto', 'Pescoço grande'),
	(81, 'Come folhas', NULL, NULL, 5, 'Texto', 'Come folhas');
/*!40000 ALTER TABLE `dica` ENABLE KEYS */;


-- Copiando estrutura para tabela softwareluizvictorio.jogador
CREATE TABLE IF NOT EXISTS `jogador` (
  `idJogador` int(11) NOT NULL AUTO_INCREMENT,
  `nome` varchar(45) NOT NULL,
  `login` varchar(45) NOT NULL,
  `senha` varchar(45) NOT NULL,
  `imagemJogador` longblob,
  `email` varchar(45) NOT NULL,
  `pontos` int(11) NOT NULL,
  PRIMARY KEY (`idJogador`)
) ENGINE=InnoDB AUTO_INCREMENT=56 DEFAULT CHARSET=latin1;

-- Copiando dados para a tabela softwareluizvictorio.jogador: ~27 rows (aproximadamente)
DELETE FROM `jogador`;
/*!40000 ALTER TABLE `jogador` DISABLE KEYS */;
INSERT INTO `jogador` (`idJogador`, `nome`, `login`, `senha`, `imagemJogador`, `email`, `pontos`) VALUES
	(2, 'a', 'a', '*81F5E21E35407D884A6CD4A731AEBFB6AF209E1B', NULL, 'teste', 18),
	(3, 'a', 'a', '*81F5E21E35407D884A6CD4A731AEBFB6AF209E1B', NULL, 'teste', 9),
	(4, 'b', 'b', '*81F5E21E35407D884A6CD4A731AEBFB6AF209E1B', NULL, 'teste', 39),
	(5, 'c', 'c', '*81F5E21E35407D884A6CD4A731AEBFB6AF209E1B', NULL, 'teste', 3),
	(6, 'd', 'd', '*81F5E21E35407D884A6CD4A731AEBFB6AF209E1B', NULL, 'teste', 49),
	(7, 'e', 'e', '*81F5E21E35407D884A6CD4A731AEBFB6AF209E1B', NULL, 'teste', 19),
	(8, 'f', 'f', '*81F5E21E35407D884A6CD4A731AEBFB6AF209E1B', NULL, 'teste', 24),
	(9, 'g', 'g', '*81F5E21E35407D884A6CD4A731AEBFB6AF209E1B', NULL, 'teste', 14),
	(10, 'h', 'h', '*81F5E21E35407D884A6CD4A731AEBFB6AF209E1B', NULL, 'teste', 17),
	(11, 'i', 'i', '*81F5E21E35407D884A6CD4A731AEBFB6AF209E1B', NULL, 'teste', 44),
	(12, 'j', 'j', '*81F5E21E35407D884A6CD4A731AEBFB6AF209E1B', NULL, 'teste', 40),
	(13, 'k', 'k', '*81F5E21E35407D884A6CD4A731AEBFB6AF209E1B', NULL, 'teste', 10),
	(14, 'l', 'l', '*81F5E21E35407D884A6CD4A731AEBFB6AF209E1B', NULL, 'teste', 49),
	(15, 'm', 'm', '*81F5E21E35407D884A6CD4A731AEBFB6AF209E1B', NULL, 'teste', 41),
	(16, 'n', 'n', '*81F5E21E35407D884A6CD4A731AEBFB6AF209E1B', NULL, 'teste', 26),
	(17, 'o', 'o', '*81F5E21E35407D884A6CD4A731AEBFB6AF209E1B', NULL, 'teste', 6),
	(18, 'p', 'p', '*81F5E21E35407D884A6CD4A731AEBFB6AF209E1B', NULL, 'teste', 23),
	(19, 'q', 'q', '*81F5E21E35407D884A6CD4A731AEBFB6AF209E1B', NULL, 'teste', 27),
	(20, 'r', 'r', '*81F5E21E35407D884A6CD4A731AEBFB6AF209E1B', NULL, 'teste', 47),
	(21, 's', 's', '*81F5E21E35407D884A6CD4A731AEBFB6AF209E1B', NULL, 'teste', 39),
	(22, 't', 't', '*81F5E21E35407D884A6CD4A731AEBFB6AF209E1B', NULL, 'teste', 27),
	(23, 'u', 'u', '*81F5E21E35407D884A6CD4A731AEBFB6AF209E1B', NULL, 'teste', 24),
	(24, 'v', 'v', '*81F5E21E35407D884A6CD4A731AEBFB6AF209E1B', NULL, 'teste', 30),
	(25, 'w', 'w', '*81F5E21E35407D884A6CD4A731AEBFB6AF209E1B', NULL, 'teste', 42),
	(26, 'x', 'x', '*81F5E21E35407D884A6CD4A731AEBFB6AF209E1B', NULL, 'teste', 22),
	(27, 'y', 'y', '*81F5E21E35407D884A6CD4A731AEBFB6AF209E1B', NULL, 'teste', 15),
	(28, 'z', 'z', '*81F5E21E35407D884A6CD4A731AEBFB6AF209E1B', NULL, 'teste', 31),
	(55, 'Vic', 'vic', '*84AAC12F54AB666ECFC2A83C676908C8BBC381B1', _binary 0x89504E470D0A1A0A0000000D49484452000000C8000000C80802000000223A39C9000023A64944415478DAED9D075B2339D3AEF7FFFFA3F3ED2CC676E7E09C73220C30646C773E8F54ED76DB8699D977196C83FA7A2ED618866DABEE964A5255E92FC91C7C29E5CDD14A830D59FD4D7577259B6FC8E86F6AB0A911F4D5DAF92F01D61B606DB325994CBF424A8025C0126009B0F6A4FE6F48B492004B4880B50761B4FA9552C3E8CF35D895004B8095D624ADBCB92B0196004B8025C0DA1F4F934DCDD2CAA7F56BC8045802AC37C19A08B00458BF25D51AD1F2525EEBE5D4AEA40F699D4931C7906A4DE805BDC9A44F483B4321A327670C49597D9088DE61305943926C8B75AC4FBF40AAF524BD0F812D40A6D953C004B1354C7DA817669A3D86F89BA06DB812A32DABF6099DBCD1073732270652F0CFED896A4F950217FF565E5125961B0458022C01D6FFAAAD518FC64428AB7432520B5FB34A1BC22899533B79AD4B9274E0D863AF8D1EC45EF3AF39BD0BB17FCE7E0DDF32D10B609AE7A21702AC4FAEA48B0255CCE49C2A8877604326BBBFA92EA4581D482BF4F4623F91561824BFA63064FBBB5B848904589F5DFA50D527906E3269C6503747905918DBA5A9A27714BD15CB68C87A3DAF56A19C52CECA25082F20BC236935496DA4D4C25F201916694AFF0BDD9C816301D66797128365DA33D85E85C32477A09CDCCAC98D4C0E00310129DD6ED9E55EA9D687CAF541B9D1834AF52E54ACF60A95BE55EAEA761B52CD2640CC4A75FE475A39A92D295D591D28DA10E2FFBB2FD76909B0045802ACF790A28D35630A619082BD39013D48B7867669DC1DFC184C6EA1D9E5D3D5EDE2EED97D760268EE450B3F72FC68E931CD9DE8691EDC3FF937B72EF4FD7A79F17D59A99E952BE750A97C6E17A6A639D5F531A4AA634026C03AB675F3E46BFAC59B53C2BE0A693D4851DB9061751BAD0BE8E2FBFCE9255ABA911B30F9D12BF2562FC2D457F6228CFC30FE0ACD5FA2CB2B67D0BF2B576690A90F24B98DFFF55BB15C7901D6A1C81AAF34C5D79C318E17BBF53126F66C19C91CCB6CD2C7D6AB92C5024E555B35AA8A6A41BA516C7786F70FF3902302056194BCFEB9A2D4D790FF87BD008E5C81CFFF54102D9D10BABB7D3E3FBFB5CB7DC9684159B529995DB510C7ACE68C7ED6626B63F489647B82C723A70DF25CE8E78ED4F13F5EB080D49423B516819591BB6C01D3E8EB8589599AEA853185119F2A8D53A96498C50EBFEEEEEEC290F0605710049EE7457FE0F27D7FB1F49FE6D168760F152A03C5EAC87647B27B5C839C3D045BA7E6108A1760F57849369E511EE1302AC0126009B05260A5B77ED1EE34F6B1E18F6F33D352A7620E30EE9C48B5538549B7BAA5CAE0FCE2FA855F69C3E30258FF9DA1905FAFFE3530EC054CF7CFD160766F54FAFFA855E8546FA9A571BE08AAFA5056EF6170C407C180CE644CD942AE00EBC3326D92B002BC6606B0472438C5E89C24A303E5B44646AE9E2A15B3DC8746B3BBBB4727DCECA2701158EFD23905FCA23F8B17C4195EF87EE8B98C2DE6E0F349C0ECFAA5D01C4179B3756A34E4423F6B33C1EB520A63D59ED273823E388EE711607DCC6430EEA2ACA1CC7779E32D3CC6532B2397B542076A74CE06931FB3CB87EBBB25F4E2AEA672FC22DBA799701CE74F0C85C416FEC7BEC7E4F9315B4F2E536B7C756A54B3661D784139B307B0E0C2AF8270D86323C0FA38B068A4500B18FBFAA76AFB546D42F05DD033F567B7E73F5EA0A765E87213BA2BC1A28EEB53BFF2EE00255DD4AB6CB199A31F40AEEB7B7E486C410FCB707CF5A096DAA7460DCA684D365B3407A75A1F626015A6022C019600EBA87D2C6DB00A7D19E5354CF76AAADD86DAFDCBF3AB276F65B36461D30D6379ABF5A7C4DEE468BF0B6734B6A6FF5498BA021F60074CCCD30A978EE70421845BC2003C3CBFB51B4328A3D7E1CE2793C40C90B284F3FE513A95BBB4F889795F5E6FE7F57AB935816EEE1DD86919305339119114A697CEC3CD0E66ABBF592E97EFEB5AA53A30BE6C0A8A184860CB07D2E16AED1E130A40D79FDD4092D5E4BEFC306733658CC1897E94F9D64709564EEDDAC51994935B995CB93BBC7A9C4790E3270CD1EAF72B8AF673056C259EC00A932E35E0ABFD01B1450FC3F8EAE96FB98801512B4D21DE69892D9D0F0A011D285ADFB047504E6E6856EBFCEA05BD14EBA88235551C2C8FEB10C022B6BC1DB6BC842DF2027F3CFBD5EE39FCC5ACD1853043CC19430196004B8075CC60E9D690621324A5DE6C9FBD2C572320C00A09202F51EC32EF13A964D73A48698BADE879E94160EB6E1E69A5FE37B901A9C5C991A6631C23587DDDEAE7A42AA419CDD9F9E3DA3D6753AE0DAAC243402ACD5698262CED6C454B27806819A23BBEA30594ACD6E14B2A02AC0F014BC53091AF40A5CAF0F6C10DA3385E85BAAB4D8305DB763D946BD57585DC85F783E41EC116262285DA0CFAFBB4AA164602AC0F024BD13B79B902B53AE7738719C3717D8893B3DD13AC91DA6BE715A682B7364646365B0C7CD7A31FB33D1F8F450B8E674F109C481E2128C0126009B08E182CADA92A35683CFEC1374BD820E887AF38C51B719FFB066BBD48BB1190CAD94AA257031E8F1A46770F4CB5E665466A0AB03EACC76A295A1D9A9EDF6D460C077C113B715FA26DB0C2FDF758E1B6CF17DFAA8B29E132EEB7DC65B4E43ABB78FE96291D63A7758C2BEFFD53A54179576CB53DA01ECBF3C39D5E6ADB6B3FA419E2D62248EA6E7D6FCDE0C3E342B7EA39AD4531B1F156297F4DDFE60F95B963058B22AE9E96E1922F31F8A103BD32FCC5FF5D2F6E457BDCD5795DBB5112511221F1F2B2A8545BBB60891E4B8025C03AAEA1B0D8855E5CB67DBB0156E81F3B58A02A09BC701C6F383ACBEBEDB88ECD0E52F2A1AECB1F255859B54961EC2C3B9983C5934CDDE3056B2B3CD0F7C304B2EB9B07C58A0B24B1EA489B3009B0DE19AC426D04D1C6EDE7002B1D7D9A80C546C3B9A71787341466B52EAB12B02A3C89770458EF0C56A93181BCCF025692E193B859C9E57A915D9DC6118E6A87C022CED08109B0045802AC83070BB3A44A6B06D1CA551AAC30F08E14AC747A236520D2C0E80751A9714E896E000B5FD5C298FC2D1A19055802AC9F814569AE04D3165895D625A5E382A43458E04C2C90BEF350D8EC7F879C98149FA009FCE591AE63EDA609E10D88A550FB517B789751DA1060025ED47B417847F45802AC9F818541F0CD9CC4281A9EBD6C6DE3A447460196004B8025C0DAD3CA3BB956340ED2DE0EEE7B76E5C2AF8292C920B95CF4428025C0FA2DB012AA48F0B146E773EAA2927E2BE14CF45802AC5F38EF74ED0E8678A3DEBDC6A897CC01F1552B4EA057770F055802AC0DB0B67C2CCF0BA08787A7EF57776679FC2DDF80687330E9B168EB508025C0126009B0F6173643D13257573750B3D9D6F4826AF7092CC0046F9D3676580D0BE1BC0BB07E1583B551AB72B1F4676757905DA8FEDF3F0AC03A915B905E9A8224BC48A268E06909B0DE0DACBCDE4EB674DC284A41E3B13254070956AA7EC4664A07CFA708030A7FF582C0A37C9EC9EC1E92B5A664744432C5C781556E4EA123062BDC058B4597012CCA12A3DADD398C7AA23E96004B8075F4606DC56325601D6C74C3CFC18A42770B2C3A2B2AABB4655178ED23C3668AF5317444A1C9FF16ACDEE8063A955B8A29CA187D205876750851F5CECF00D6AAB83381851BED0CAEA08CD4542D516DE603C1B22A036819C4817E879F57F86FC16AF52EA17F7275CD16F5B1045802AC63072BC92B24B0BC60097D02B07CDF65F54883A8D13987BE656B02AC0F05CB28F5A0B9F769C1AAB7CF2080A517C44198EF27B530CE6A5D125E1BE51985B6F108A44132143E2E82743285E7CE8F142CBE194513C380CED4A83426505EEBE6D4AE00EB3D9504B5512C5B2AC7BCFF2D5751AC1674F3B0F0780DA3C3DF2BFCCDE58630F4D9E92C4164957A504EED88752C019600EBE0C14A523129FC08DFA64A620C121FEBF6C93996E886DFF4B100165ECD9D48311A10C0123ED67B2A093922BF2A491FA073E40016D5C7A21E2B81868175B40BA47EB080227E4AC5D33CC8AB5526AD2BC07AE77130757A6A9FBA2EEABD4ED5F6DFD97256AD42B3EF770B7FDD63F101E5587B2CCF9F4304D6FD932B6935881D9A27B70558EF392B4C57AFA374F2554241AF509BD15E217A2CAA8FF599C062A7633E7BC5EA102A54CF33524B8025C012601D3C584971442A8691047DB7478F772FD1E5AD0BB9ABA220F1C9398173BC3E561AACA5179D5FCDA1EFB751B17629C0FA6F3246692599747A6992D3BBFF4835A8D2FEFEB864743C2F9928C2C40B08308F478E6F97E33E24B0762B85AFC172BD394427AF26C74EE1766757AE084DFE174263A5846F47B23E494BB598B24A5BB5FB92D190CC3A34BB7EF256E73B6C1AE9776AB81F549DF7B7522D9287214ACEF6AD77AFFF919AD0565A0E3A72BD3415606DECF7319ECC2ED33658334831A6749C38A6455AA197D52A8A5D85BEC3FB38A833BCFE38672CB7A23DFC91F4DF69B0F08E48FF126009B00E032CFEE64031077AB17F2295F4520BBA8F779DBF0E58CC331BCC1E931A46B49897943112B51BFE155813F45504966A0D01D6B75CC12877A12737FA94606D95E3DE056B6BF59852ECE16309B07E032C12E1658C548B093D96561864E4AA5EEA40B72F9FB3C7DAADDD900007B23014268B2F24AA3623CA18FD7C5638D8054BD2877A6102E5B59E62F524A3259B4D687AF5FC357AAC750536CF8BCACD0BAA414ADD1565D64354E8568025C01260ED1BAC9CDAB7CA6750466AE5F5B6591ED2AE73BD7BF1E9C0E28ED4EE20C80F5EF5DCC87122B33CA6752C9A03C2B5A2588FF4DE9700EBB7C0CA2ABD42F53BF42D5BCFA99D62FDEC44AA405665F429C17A659DDE67721D76CE2ABC4C020B1825356D697A28961B7E1B2CAE8CD4318A67107EC496B2ECD1895483D0C44F0B0696CBAFC410ABEAFBE11122453D565CC6888E67425FE57BF151ABA3D10DA638624BE77DC03A95BB0496A4F7E166E98571466A429824DEDCF3DDB4D40121D1EADB8306EB956DC23558019BECD2F4901F361E1F6ECF7ED8ED5C8ABD420196006BFF60BD2506565E1BE88519B4020B5E5707C2B7C3C943F81BB3AAE3018BC565F8BEBBFD9BFC87CE22AA562602AC77030BD2EC2904AA20CD1ED38B9CDAADD4677EB0B1B498C6EB1380159F62CF7F78F7C3B3F81AB200EBBF83455B84435A7997F421A45A13A22DA7F635B3F7F4EC246648BBF0BB471D1D0B58C950C82622EE7A909C8EEF34B52DC07A4FB0561A135214EC00C87272E3FCE2E655B0D25ED7E18215BE02D6C6F9726E3C0842CDDA99AAB40458022C01D6FEC14AE6803F230C83208BCA5247AA39239DE61B9DEE2899156EAD661D2F58C9D1BD3EC7ECE981C9D23BBA26AA26BF1F58ACA22B17FC77B005D78A229535EBEC24DF28553B8E1B426CA5D40B367BAF5F97E73F0CB0822DB0688D173FC5F3820F76FB238064A9A1538308B0FE78C205CB84AE8DCF6E218A7F5F3ADE6AAD818A2078B1C29DAA46E1018015A4D3EA63F19C5BBEA3E0B14FB470A246F31A52B57E4EEA0AB03E28964BB2DAD5EE3974F7C4C78D3061665DD79A096085070356D2438551BCF4B9068B4E268C5327966E7476E968C61052B421DFD71A09B0045802ACE305CBECE68C2654698C67970F0F8F0B8F1DCACDA8F1FCC51AACAD027F07B2E31CEECE07032F8887C2DB87E570FCA3589966B20D48560702AC8F93620F297FF5442A6956BDDD9B3E3D2F21BE46EA252581D6963B04B0C2748F95F6B1E244D6A51340B5E64056AB8ADE91D51EA419634C5C04581F06D6086C4179BD99C917EC52FBF16909AD7A066F47073049DC1E91D7B7446F3CCD3DC82AB64E7345DDEADBC51954285D08B03EB47A965E9A42566572AAD40CABF5E37E01F1B9BAFF065BDBEB90070256E25A3DBEB850A9DA93B41AC0523426C362F995A27683004B8075CC60FD2377146B0219C569566DAA7A6376710FB120712FD8F18E57E53D99F6C7D61B9353FA6EE185D7B72F9059ECC85A53337B27F92694D70602AC8F5B2395ED59DE9C40AC288DDC92D4467F780DB9EEAE07739060EDBCB170A3D9C52D9453CAF8386699D51680787EA52815F95160E58C71461D405A61A65AA3936CA5581E400F0F5EBAF4143FAD34410A5AF26FF7361A529C7E12DB43A59542CE3E86C262A50B9D4A25B3C0CECD93F41E6414CFB24A4F80F5716065F51184D150B68659A96E16BBD0D5D53CA4B85E9E94B7321F46470722BCF608563AE303B7E5075CBCEEC7CB32C2200865E532038B775754D916B3420196004B8075E46049D694892FF0287A4FD15BD0A07F0DABB9CE2A1321CE4E70092C2F72F67B8A3D86E62452D4F3C3345817D7CF9AD584724A452FAEC1520BE3BC21C0FA28E58CA1529842799D95C450AD614EAE41E5EA68B9E4486D94FA8B8B75FB3CAF788F60B13290ABFC4180952C3400FC56EF223E31406B688501BCAB9CDAC9F1F257075BF6E31382953747F9C204CAEAEC5BCD1E6134840CABFBFD7A41E360487EB14F036340A9C5CBC0D9E366218115F314AC2B413E2F42BBDC93F53A94D79BAC34A6D9CFE95D08541D6CAEF367032B6F0E647B92B5464C7A8F15C6603D560352F556BB7B4981722BB0D6B10F2C70607F60C554ADC04AEE0A7DE9E5F5B362D4A9C7928C0E2BED64D15E7B5C694D8025C012601D33584A617CA277A13C955BD17B92DA8274B3A39BADDB5B16A20C91FD9C204CAA5B3BC1DEB22DB6EABC7BAB5B7A9A07CDCE34AF5634AB05B1320D46472DAC76D98FD3733F561F4B2D4E4E9436245943BD34CD6A1D1803D2ADFE49B6341CDF3ECD61B004A67879348C0368F6E763ADC00AF8FDD0ED5DDF2DCD6207330FD5EE42000B1F076091A88A9F00EB2363FDE29162F74759B539B97C86925E21892FDDC864FFF0A1901DCBCB4E236403B4BFDAC82C37A739A3F9D627A2F21602AC8F2E28B29E24C61AE42D369FAAF5BE433F1E926C751EA11C9235F7163F9AAC63B155353FBA790A20BDD8CF6AAD3C1FE2F3ABCF22C0126009B0BE0C589852E54D98AAD5EA5DBC7017DEF53DC87397FB052B592005580FCF5E7B740565E46A4E6F0BB08E002CF8BCDFA4326414DA370F0BE6D3043ED3BEC14A629171133FEE1766A507FDBF8C2D5B3D01D67180F58F5C8174BB757EFDB04E1485E71EBA7B070B177AAD9BBB391D3BF57FA705BD3412601D0758A75A1DB24ADD3458F0B1F869E47B06CBF330298CEE1E1DD96A402752458025C012607D61B0147B4860D9E5DEF5FDFC4086C23088B3D05CD7E5A913BE566C4339AD217CAC23F3B100D6DDB39B2C37ECD7794FC0721C877672C879978C96586E380EB0B25A8712F0312BF478800ACD0A599FE52DF616E5E7C725967CDF77787C1FF55879BD29961B8E0C2CF4585B60EDD1C7DA058B7A2C0196004B80F5E5B774B27A03AA36275473C30F039F570EDA2358898FE5F38D6880556A8E218095373A02AC23002B6FF408ACCEE03BED152660857B0BF45B8345A75000ACD6F03B8459A100EB68C0A2E586C9F9837B3060F12DF0F5CABB1746A38B0728ABD625B32BC03A02B024B39F516BD0F71F4B27DC00EB70B674DC20BAB85D42A74A4DAC6309B004585F3B6C86C0BA7B0A9D30158F754860397EF4E339840458071A9ABC32466C18BC093B65E42AF43867F60B576783AD8ACFEC192C9F9D4B1F2DBD08B707012CC54E05251B23C91060ED492CEBCB1E416A712259C33CCF91A23429AA6AD4EA5C40CFFC2CD62088D6490C7B9C15B2C42F9E378B7199AF633D2F999ADD0BF8EF79ADAB98038565758F287B828E13874496CEC7A57FE58C7ECE1E92B23C8F850EDF8661725A2B2FD706A31B68B9DC2997B5C74D685E9E842B4E2A5CB84CC3F18FAC5495B5B66E0D21CD1EB3D38A934F648F44968E004B8075E460C1A9A24CE8530D13C05E5E1F2660E5F536C0BABC9A43BEBF3A549242CEE34ADDFB4BA6081D882AC3B112259CB2EFD78B9C54CD2B4D0DC31FAB433196CD313E1129673009B03E4AD6F8D41C32697D08DE2E8125E9FD9CDCD08CF6E37304C180CE725D92D4F79CFD82E5F90B7EBE01AFEEE784540700F7A9EAADAC54A7127E2AAFAD0AA4B23A5C495657273D491460FDD9FA589235CD196328AFE3F99EF2A3E7D8E18692D28585AAF5D9D265078744AC5656784060B97388726713B01C2FAAD4A6ACF604AF5BC48E43438F654EA8B21C3EA36CCF2451E7FDC3C0CA1B338851659FB1F2AF740C1D0CA3B567E72F6C10E419D081BF1E0A797CC1FEC00A83D05D40E4F685AB046DDCE7F4EC51D13B04565EEBA59F9CAC39CB170458022C01D65183059E2403CD3D538CA9669DF143C8BB109CDF4279F43C8F3C8F29A9D910D70FDAAFF31E0691EF706D1C4886FB7C7A890AE509AD8566950E2B53882787D71B3F35A6596B22C0FA48B0D0DC1359E707FB6ABDACD286CCC2B0D9BE648E8BC3B42A431AAD4EC5A51083FD143162771370797E1A2C77C93CAD7AF3DCB007103E454EEF31FF9D83459E9600EBFD0A15F1A2AED0290608CC950A633AE384DED70BB38CD481F272CF2ECE54A37F92AD40B5C674E14449A9C89D9A45C15E4F0F5881156E9F52815B9D2FA36A730AFD93AF4A66DF28CF326A0F6267701430EEF7F1C1A911F0150D826681E87D01D6BF50466913586838ADC86A6EA3351361BC30AC3164152779A599C955AD520F626B57515CCB2F7CDDBAD1FEC07AFDD413BE95C9767868EDCD2EF74FA44A8E1D163481F0F1E9D14A84A640831067681F3494004B8025C0DAB7920D0D420A8D9BD5BA10BE358A13B642AD77A19C54CD49658C80B70F2EB4E5C01CD6F513B078140D2DC4DF3D7AD5E6242B552940834A926204A45D76B4007146DFC6CBC202ACDF179C0C6AB584277A4621C51CE856372F972145AB75FAE78F6C7921AEDCE77AC1818295266C87B7A51FF8A9AAA4F850B25E83F272051F56E14E2789F022A17DD05002AC7F21F24C692F96A24792473623D70DABD5E94CA0DBDBB9EBF1042F7E2674AA3B609BBEDBAE7A78107D56B4799349B9DB385D9B876BA1DFBDB97B86F01975B3898F9C3C60D41AC9FE341A4A80F56F22AEF8E34854A1E7FF3B57FF966F40F8B6DEBD1ECFAE1D3784C824AEEF2546F28265F27A7B1AB8D77EEC352F2B01CBF30237F9967F9CF8775C27C487C547269ED002680A344882171A4A8025C01260ED5B496F8F46A41962A97905CDAEC327675D0899B9BDDED267A1EDE4FB7A4BEF79E78CF14301CBDF56E0C7415AEED259DF36BEF53C27F967F80D7C647C70082D4033419A21D283F729C1EAB33C3E9E18C3BFBE633C3BF3A5A053A551A8CDCEAE9D451041CEAAF47E5C56347ED0BD97C523E478F3F02727401F0658E1BA42F83AFA0F77EB7AF017E7F3C523DD791878900F1792FFD8E1420BA0290AB5099A0542FBA0A15E29E54D81F3C6BF5BB2270B26067DA3DAF94780853BE8666D267A41F7B4163B9B8447A6F3B94C4E1B906473AC15669235A690A353AD9F8DE7CF0328A7B54EA452462995EB03E8FCEAE9D961B3713755743F7C3B5561ABDAE7012E38ECCC227E7DE709942E3B68237A7682F3EB0708ED8386CAC85516DEA8B7F96116A39C314C87DCA0A9D1E050DCF8ABF935EC925F6144220B260685FE0B5BFF3B58FC6E62B0B61453CFD31CF2F4CB463F79862836123C51AA133B1847EF9DC8CD13B90EC966D3AE0D2E6F5E1EE62EB47ECA796E20BA28CCFFA2AF75E1833BF01D217C769A45FAAB83EFD150850A9ED53674926FFC2335193DF604CA9B938C3A488251E3C65FE7CC0D98815254ED4A8025C0FA4C6051CD207BADADA1502D8C68A8869B49FBCAF15CC664CB516CA9939F43845F38559B59B56957C7D0E4FCF171BEF670B7FCA2F459925F07ACD561E96E92C896B40F1EB287976878F600599551068E97D2A225400C7F8A3561F36B1E5E4B1B41300439FE68761868CB64696B66EDBDF9588CADACB592DDDF1AB371DFE436E13300207CAB15C1D658B586129C2AB39BD331BB618F5AB13E1DCCEED14010F9E6CCA9F2482C0BEF202214F6CA567A9E8B0BCDC2C51A2A3996E7FE391ACC1E31D761E56B20ADBB8AA36727EFB196E7878AD1D30EBBBC0296B536687E8FB3C2546EFB289D919C78F704163E15C3486B91F21CA6AC5A35CA5DA83FBE418B78A9A770E9F0F3B8572125DBAB4041F8E5B85A55AA499EAB242E882DB8B81B1D181AB33BFE01D9E57E56856BD126D79E1A1F8620CE564722A6739FB60C3ADA135818B0CD494A5B37C4CA09F1C970975385B971153041AADD2E54FAA3D98F9B8705E4ADE67A74F8369E42CFDFDEA94D531578FE97EBAF58BD677F8DD78673C056C33CAE2058E305DD3EB8E3B37B78606870082DCF8E57D11A32B708C40D94B6665ACCA6FF25C0508025C03A3CB0283E38A578DE271B71350BEA8425B521EB75B3D8ADB767D0707A7B7EF5B4E59E3BAEEF381E44CDE5BB015F200C5F59E2F97A23E1F666D06A2B08CF98E705C92F38CB80B6B9D22BB1686A3438849687096008B0C5CA083287A4BBAE3812DB2E31E52C36E80180B55EE76554995DC562955B2149AB198576BB7F797DB784A8B42B5B72E60EA8EB7B5B079F06C14E53266BE9FE81C7C4FC31B00826EAD5371BC7F7B75B8F3DA5AE4FF31E3A631642CBC3043004CC01C95A130622B6B8061F0A56B2C7295BC3741514B6FDA9F675FB5CD6594683A48D15739C64CBC85AD7B00727D91205768E26B7F74FFEC265D5C6201AFB7863A477F452DADDB0DDEAB1C2AFDD63FD449B5366EAB4681B152D0F13C010D481C12E3010CC84C923C4AC660C604449C79C7D089BC2B83071120A408B9149559F5F6E7EFF022CDAE94CF6839330A9783944ED67951E84DB522D5E938327C7E5E40686BFC1E4F6E27A0E3DCDA3B523B5DE9309A2ED7DBDB7D91243E1EF52B5BD35B4B5F90D43D081D99757731808666249D8CC5E1D2AA2445D03B769BC00494851E46A1A06019600EB20C14AC2AB09ACD5BA2D1B1C7994F090246BED4CAE8C1B859AEDF3EFD78B64ECDB723AC3FF01ACD7A2C505583BADF1CA7E76BAF1C3F47E361F1961A646E71C82D560BEA49A92CE8D4BA31E6190068B1211FE2B584917455F1366157B6897C6BAD585E0094276B93F98FC809EE7F1C3919EF7252744F0E0DBE017606DC5138787125EBC7FC27ED61AAF83156FB3FA61DAEF4F0CF4BC6082D5603EB223049B9A65B64792983B01805EFC57B092AD2572D6F8065F1C6D9DD53A98BB66E512A468B5769795664C650478C92312FE56A0CB2F824C56670E7E5DA25E698DDFDD0E5AB7F0D6AA05CC94980CE68311614A0836CDEBF55C2AF380F61929F4FE9754FD1A2C1A0113B092FCBE8CD2CEC87559AF559A7DE8ECF2EE7911A6C7F28517BE06D6EF464D8991F0FD5AE36760C14C69ABC1883025049BC2B82CD61286E601ABC96490C0FA65DA99004B80B50FB012F78D5CF818291E848E31B837FAFEF0EC40745B73277C717C68EDAAF394A65529ECD5A88FB13EF07E73A2B31327FE45C1F2DF688A5F8A37751C72B36A7F76F1BA4AEB5F83D560BEE42FC3A6302E4C4C4361C256B28E9580F1BF3BEFABEC86B186DE4B6B65E3D8A92926AB2C7F378ED08E9C60E346974E0A9D3888EAF5D9CAEFB015BE119EF5D5C00A7F9BA7547F166C3DD5B176CCE45165D4C4A03E3CFA5B0A9283C5617ACD8E039FD2606CECC4A4C17AFB940716039365955E462C8EC7EA9D4AA59C54AAD6C7D0EDED3209DB08FFF074EDDFBBAB9FDF79FF8076A6A9D2DDFD0B546B0EF24A312B9755BBCB5418E58CFE56984DB2AD2773BD09162F4B3C38D53BB2853E901D5DAC18F5566B72FF3087223FFA72819C5FEF0A3C9F4A8BDDDF3DD75B7D45AF484683C9EC020C1EE6C938598542C4126089EBCF823520C5C1F61B11A198150EE9C0A3BC5E6FF7CF5F5E82643D4980F515C04A86C9C717B7DD3BCB6935E844A94AF660FB60A91DB0E241F115B0ACBE561C523D1DBBDC7B785E7BDCAEEB7FF545F0AFE1D979FC22A33FBE84854A1F3A556A7A8965CAFC142C1EF7C2425F3683F5E22850BD59AC8FA18BEB673F3E52815544F13C4F34FB57B8082CDA0B62D5E16E1650A9C1F235B633B0D7619E6F81B54E75EF6204BCBA75AED8C202DBB69C2F9C6412CB8F3616D767BE7CDF4F268C2F73973282A0EF3F1CF438F25676BF004B5C1F0116154C5F85A2D200398883D6CD767F7CB3F4A3A51F47B8CE978BA44290EFBBA2E9BF14584B2FD9AF8B3AA31B9E7EDD5D05376F5622D9016B9D07C112D08CB61BC631556E10AFF9061477CD2A0709B0BE80FB4EFB3FE1469433D5C751CD26A5F6AF9332D260E5B489629D435AE1FC5BAEC563085914E8B74CE1E1E9D50D04EAB1F678CA83B83E7E76B8291EC875F710FC9D31A19CD6D20BE313B915E7435893ACDA27B066906C4E4F951E8B1BD4DA905DECCD97EBD2D65B45E85EA93E25AEAF0316676BB188AC420792B5A66AB3F8BC382A508025AE3F099631560A671055E5928C8EA2B7A0D9F963F84AD44F129B407889EB4BF0B4FB169DE23E3D7B80E08B3337CB8A838D795DAAC15F9235550A4C19A58D9152521BA6DD8196CB578FA389D2412FE2FA72606DFE009040A005D8E8C561466941ECF01F73F4172FD2C50A3AE22DAD3090B41A05C6843F8D5614607D45B05E3B5E0A022D79A50E78082C2AFBF617AB4549E591787521DD6C8D673F20F6CF02019600EBD7604D26B7180D15BD03370B62477417A6022C71FD19B0249B055D4170EC735AAD54193C3C7B90004B5C6FC5376F81F5F8E8172A83BCD25CD5BD664550FF425F75A2364EB8F375AA541AAD591C5E1D081F4B80F55B60617A586D4EB3529D22E24F959E648DFF3FB13D4F595CC0B7240000000049454E44AE426082, 'victorio10.0@hotmail.com', 5);
/*!40000 ALTER TABLE `jogador` ENABLE KEYS */;


-- Copiando estrutura para tabela softwareluizvictorio.nivel
CREATE TABLE IF NOT EXISTS `nivel` (
  `idNivel` int(11) NOT NULL AUTO_INCREMENT,
  `descricao` varchar(45) NOT NULL,
  PRIMARY KEY (`idNivel`),
  UNIQUE KEY `descricao_UNIQUE` (`descricao`)
) ENGINE=InnoDB AUTO_INCREMENT=7 DEFAULT CHARSET=latin1;

-- Copiando dados para a tabela softwareluizvictorio.nivel: ~5 rows (aproximadamente)
DELETE FROM `nivel`;
/*!40000 ALTER TABLE `nivel` DISABLE KEYS */;
INSERT INTO `nivel` (`idNivel`, `descricao`) VALUES
	(4, 'Difícil'),
	(2, 'Facil'),
	(3, 'Médio'),
	(5, 'MuitoDificil'),
	(6, 'NemFudenoVcFaz');
/*!40000 ALTER TABLE `nivel` ENABLE KEYS */;


-- Copiando estrutura para tabela softwareluizvictorio.palavra
CREATE TABLE IF NOT EXISTS `palavra` (
  `idPalavra` int(11) NOT NULL AUTO_INCREMENT,
  `nome` varchar(45) NOT NULL,
  `idNivel` int(11) NOT NULL,
  PRIMARY KEY (`idPalavra`),
  UNIQUE KEY `nome_UNIQUE` (`nome`),
  KEY `fk_Palavra_Nivel1_idx` (`idNivel`),
  CONSTRAINT `fk_Palavra_Nivel1` FOREIGN KEY (`idNivel`) REFERENCES `nivel` (`idNivel`) ON DELETE NO ACTION ON UPDATE NO ACTION
) ENGINE=InnoDB AUTO_INCREMENT=6 DEFAULT CHARSET=latin1;

-- Copiando dados para a tabela softwareluizvictorio.palavra: ~3 rows (aproximadamente)
DELETE FROM `palavra`;
/*!40000 ALTER TABLE `palavra` DISABLE KEYS */;
INSERT INTO `palavra` (`idPalavra`, `nome`, `idNivel`) VALUES
	(4, 'Elefante', 4),
	(5, 'Girafa', 3);
/*!40000 ALTER TABLE `palavra` ENABLE KEYS */;


-- Copiando estrutura para tabela softwareluizvictorio.palavrajogada
CREATE TABLE IF NOT EXISTS `palavrajogada` (
  `idPalavraJogada` int(11) NOT NULL AUTO_INCREMENT,
  `idJogador` int(11) NOT NULL,
  `idPalavra` int(11) NOT NULL,
  `acertou` tinyint(1) DEFAULT NULL,
  `tempo` float DEFAULT NULL,
  `palpites` int(11) DEFAULT NULL,
  `data` datetime NOT NULL,
  PRIMARY KEY (`idPalavraJogada`),
  KEY `fk_Jogador_has_Palavra_Palavra1_idx` (`idPalavra`),
  KEY `fk_Jogador_has_Palavra_Jogador1_idx` (`idJogador`),
  CONSTRAINT `fk_Jogador_has_Palavra_Jogador1` FOREIGN KEY (`idJogador`) REFERENCES `jogador` (`idJogador`) ON DELETE NO ACTION ON UPDATE NO ACTION,
  CONSTRAINT `fk_Jogador_has_Palavra_Palavra1` FOREIGN KEY (`idPalavra`) REFERENCES `palavra` (`idPalavra`) ON DELETE NO ACTION ON UPDATE NO ACTION
) ENGINE=InnoDB AUTO_INCREMENT=39 DEFAULT CHARSET=latin1;

-- Copiando dados para a tabela softwareluizvictorio.palavrajogada: ~6 rows (aproximadamente)
DELETE FROM `palavrajogada`;
/*!40000 ALTER TABLE `palavrajogada` DISABLE KEYS */;
INSERT INTO `palavrajogada` (`idPalavraJogada`, `idJogador`, `idPalavra`, `acertou`, `tempo`, `palpites`, `data`) VALUES
	(33, 55, 4, 1, 8, 5, '2015-11-08 17:23:52'),
	(34, 55, 5, 1, 10, 5, '2015-11-08 17:24:03'),
	(35, 55, 5, 1, 25, 5, '2015-11-08 17:24:31'),
	(36, 55, 4, 0, 8, 7, '2015-11-08 17:24:42'),
	(37, 55, 4, 1, 4, 5, '2015-11-08 17:59:49'),
	(38, 55, 5, 1, 4, 4, '2015-11-08 18:03:53');
/*!40000 ALTER TABLE `palavrajogada` ENABLE KEYS */;


-- Copiando estrutura para tabela softwareluizvictorio.pergunta
CREATE TABLE IF NOT EXISTS `pergunta` (
  `idPergunta` int(11) NOT NULL AUTO_INCREMENT,
  `descricao` varchar(45) NOT NULL,
  `idCategoria` int(11) NOT NULL,
  `idNivel` int(11) NOT NULL,
  PRIMARY KEY (`idPergunta`),
  KEY `fk_Pergunta_Categoria1` (`idCategoria`),
  KEY `fk_Pergunta_Nivel1_idx` (`idNivel`),
  CONSTRAINT `fk_Pergunta_Categoria1` FOREIGN KEY (`idCategoria`) REFERENCES `categoria` (`idCategoria`),
  CONSTRAINT `fk_Pergunta_Nivel1` FOREIGN KEY (`idNivel`) REFERENCES `nivel` (`idNivel`) ON DELETE NO ACTION ON UPDATE NO ACTION
) ENGINE=InnoDB AUTO_INCREMENT=2 DEFAULT CHARSET=latin1;

-- Copiando dados para a tabela softwareluizvictorio.pergunta: ~0 rows (aproximadamente)
DELETE FROM `pergunta`;
/*!40000 ALTER TABLE `pergunta` DISABLE KEYS */;
INSERT INTO `pergunta` (`idPergunta`, `descricao`, `idCategoria`, `idNivel`) VALUES
	(1, '1 + 1', 1, 2);
/*!40000 ALTER TABLE `pergunta` ENABLE KEYS */;


-- Copiando estrutura para tabela softwareluizvictorio.perguntajogada
CREATE TABLE IF NOT EXISTS `perguntajogada` (
  `idJogoPerguntas` int(11) NOT NULL AUTO_INCREMENT,
  `pontos` varchar(45) NOT NULL,
  `idJogador` int(11) NOT NULL,
  `tempo` float NOT NULL,
  PRIMARY KEY (`idJogoPerguntas`),
  KEY `fk_JogoPerguntas_Jogador1` (`idJogador`),
  CONSTRAINT `fk_JogoPerguntas_Jogador1` FOREIGN KEY (`idJogador`) REFERENCES `jogador` (`idJogador`)
) ENGINE=InnoDB DEFAULT CHARSET=latin1;

-- Copiando dados para a tabela softwareluizvictorio.perguntajogada: ~0 rows (aproximadamente)
DELETE FROM `perguntajogada`;
/*!40000 ALTER TABLE `perguntajogada` DISABLE KEYS */;
/*!40000 ALTER TABLE `perguntajogada` ENABLE KEYS */;


-- Copiando estrutura para tabela softwareluizvictorio.perguntasorteada
CREATE TABLE IF NOT EXISTS `perguntasorteada` (
  `idPergunta` int(11) NOT NULL,
  `idJogoPerguntas` int(11) NOT NULL,
  `acertou` tinyint(1) NOT NULL,
  PRIMARY KEY (`idPergunta`,`idJogoPerguntas`),
  KEY `fk_Pergunta_has_JogoPerguntas_JogoPerguntas1` (`idJogoPerguntas`),
  KEY `fk_Pergunta_has_JogoPerguntas_Pergunta1` (`idPergunta`),
  CONSTRAINT `fk_Pergunta_has_JogoPerguntas_JogoPerguntas1` FOREIGN KEY (`idJogoPerguntas`) REFERENCES `perguntajogada` (`idJogoPerguntas`),
  CONSTRAINT `fk_Pergunta_has_JogoPerguntas_Pergunta1` FOREIGN KEY (`idPergunta`) REFERENCES `pergunta` (`idPergunta`)
) ENGINE=InnoDB DEFAULT CHARSET=latin1;

-- Copiando dados para a tabela softwareluizvictorio.perguntasorteada: ~0 rows (aproximadamente)
DELETE FROM `perguntasorteada`;
/*!40000 ALTER TABLE `perguntasorteada` DISABLE KEYS */;
/*!40000 ALTER TABLE `perguntasorteada` ENABLE KEYS */;
/*!40101 SET SQL_MODE=IFNULL(@OLD_SQL_MODE, '') */;
/*!40014 SET FOREIGN_KEY_CHECKS=IF(@OLD_FOREIGN_KEY_CHECKS IS NULL, 1, @OLD_FOREIGN_KEY_CHECKS) */;
/*!40101 SET CHARACTER_SET_CLIENT=@OLD_CHARACTER_SET_CLIENT */;
